eff_half_bps,hours,market,n_makers,notional_per_hr,pct_at_touch,pct_one_tick,regime,rs1,rs1_hi,rs1_lo,rs30,rs30_hi,rs30_lo,rs5,rs5_hi,rs5_lo,rs60,rs60_hi,rs60_lo,spread_mean_bps,spread_med_bps,tick_bps,top1_maker_share,top1_rs30,top3_maker_share,touch_usd_med,trades,trades_per_hr
47.68646608656772,48.858422552777775,CASHCAT-USD,33,12702.939845228204,83.30827067669173,0.5717004416142769,24/7,27.141015609091216,42.11217499772917,12.473960828187552,25.190080021568157,45.54028896883171,-0.28859308253376487,24.626365923404776,40.66758587507952,7.63623690830578,27.20655446013531,44.610294880547535,7.50100108142825,40.85424414335411,39.810308952807546,0.05594178697497553,69.8687048971328,32.926938983585394,85.21218672105482,34.8671,2660,54.44301844020074
3.042565215601154,6.499947246944444,TSLA-USD,8,5732.4060034931335,75.22123893805309,0.17254270375031674,RTH,1.4851688866630661,2.756808336312965,-1.7223194757601445,5.589920265956589,8.031730438068681,-1.8773440881546624,2.3600983628211747,3.7034383860135596,-1.365537935885212,7.0383861470448075,11.063233022693606,-5.670772889339303,5.97821620369457,5.88219566321829,0.26670578351467294,26.876055879632165,8.059376806478612,78.6429991836775,449.795805456,113,17.38475647677296
2.323919884439486,43.553391659166664,NVDA-USD,18,10714.053065738357,90.15544041450777,15.369891369060918,off-RTH,1.6595290974764747,2.9592978651357846,0.5246052051329956,3.944974361965127,9.204920966077816,0.4128320857701684,1.6631199180155194,2.9365202039122043,0.5044297537409722,5.428307375519031,13.281397237391642,0.3759893108636155,2.56679858058527,2.23508638608806,0.4503186004093804,26.849415938947995,5.2397052183778445,61.81783603289188,33.3135,1158,26.588055622902935
4.251877572285476,6.485055630833333,SLV-USD,6,17772.994656685034,82.05128205128204,18.018631525342492,RTH,3.3274540763095932,4.075946706133568,1.3532557260807412,3.912930613254798,5.300200084459614,0.016749712800747465,3.9466668604813053,4.481645589535928,1.4257498205644188,2.926917304321313,4.224262528531161,-0.445047280727168,5.504642936027268,5.033979360684812,1.6733601070947137,39.463600990233175,3.994270168447408,89.07191737320221,3096.0403779374997,117,18.041479774471178
4.860252741026968,52.242725871944444,LIT-USD,36,14448.910077231829,91.75202156334232,0.1143215913004821,24/7,3.167848835289185,3.8703397492544958,2.412613807027154,3.5494922271171743,5.607200278825033,1.4000011036216546,2.5395545286543304,3.4380097263563805,1.6240181589371847,4.7165358675805145,7.29644231416252,1.8647045494339847,9.679155537049157,10.016943553456812,0.20724314802293547,62.37100053558796,6.46405130700212,84.87575970515456,500.91731066299997,1855,35.50733559628783
4.257751098367393,20.473258496666666,GLD-USD,10,17201.98712101481,69.49152542372882,16.958225390065923,off-RTH,2.2402278715193606,2.7071270209312135,1.10448965410796,2.2380244391850703,3.3457475440729243,-0.38329987665889503,2.1310476456473753,2.702280462761947,0.8247185675820802,2.1491255436415724,3.321863814480657,-0.6027470763075723,2.912727028813453,2.759208859569153,0.24975336854833116,70.12379170053534,3.3127536502062753,88.9599251593679,5.477667992500001,413,20.172655958368434
6.369293053383788,35.123628331944445,GOOGL-USD,10,7538.83879050673,70.08547008547008,0.3580968990452983,off-RTH,1.7769284928165032,4.147825622961925,-0.14781025838598208,2.225913761842126,4.6026024048358405,0.055945410313509046,1.5291536372113703,3.930482708394369,-0.2863959178324385,2.4793596108611657,4.977955397301694,0.3832763818435886,6.174438672953354,6.2669135450798255,0.2848881101944619,45.01465567214458,3.969622083803473,86.68129536550384,450.2024664779999,117,3.3310909366840713
3.0442409403718713,6.354116805833334,GLD-USD,7,46976.4242058372,64.63878326996198,11.839771480967915,RTH,2.006363839800861,2.3183275104454424,1.4189973120226969,1.898928822425612,2.445203915199456,0.9204815615178362,1.4640585428011312,1.8317817468925246,0.9030795962726439,2.156052661079768,3.370144835750256,0.4286986672869753,3.1207723528571134,3.5074533383450635,0.2509567726956749,59.23271644563432,2.326978509726168,87.63524963386905,5.452854946,263,41.39048872355564
2.2697709652002063,52.25275485638889,HYPE-USD,79,112609.16174600885,79.28413355142885,1.9576211782309647,24/7,1.6948598202030518,2.680631609605776,0.9189186693417355,1.8773786511913348,3.037169076677735,0.6346267779865926,1.4018276830530734,2.3209808806435275,0.5629547062790144,2.1735182471403203,3.689921008970141,0.4707666435892462,3.089525227597695,3.380459851586003,0.10766696454425263,31.630862621546747,2.335775630989089,61.35588494476458,42.402576315,10393,198.89860407482914
2.036257555966662,6.499968800555555,NVDA-USD,19,69409.47951961265,85.5686274509804,16.53777869616357,RTH,1.429383473984203,2.270780285309882,0.8148138916929709,1.25267277844854,2.5741343034013466,-0.2273898401107414,1.08071680427842,1.6287339573882782,0.47773916230520314,2.176906694987945,3.7206437622486828,0.44456929896866826,1.9152684545130962,1.776435582004354,0.4429188351230608,32.257095261618026,0.9343681236047781,63.14724212464991,94.06675464000001,1275,196.15478768006167
1.6997561069585758,40.11659186194444,SPY-USD,37,33558.51072405908,45.109931766489765,77.0996980544065,off-RTH,0.8526528402676051,1.150963900051824,0.6105815193039263,0.8148263693760546,1.1416068786449907,0.5252743725751239,0.7177891559757379,1.024450923902318,0.47439335610779193,0.774664533581951,1.0978398944980827,0.4972609154459368,0.23889378545325446,0.13111229112161196,0.13101094596441618,17.727750910863875,0.2280516937963039,52.744564192169676,6.2683303084999995,3957,98.63749177939776
2.4252296162673628,6.489992499166667,GOOGL-USD,13,13725.120728665186,84.375,2.000175064660472,RTH,1.5990840817744523,2.3109520775331305,0.5055722706451992,0.771539463092263,2.4866757321978734,-0.7394296233913524,2.1691279477708694,3.980116004242585,0.5028467611555681,-0.727095042632215,4.94324813562624,-5.543103774387031,4.8779929773369055,5.055753728618567,0.2815533297198095,28.724059595039837,2.4947509370175336,60.7309380068432,450.35368304950003,96,14.792004769239204
0.7916488973024735,6.382425425555556,SPY-USD,20,111992.17533394901,67.03030303030303,88.48215972182862,RTH,0.3934793094160806,0.5347645729792221,0.2847346925745953,0.575433081376869,0.9108556368834031,0.17363276529457342,0.33564079593700125,0.4607040019712662,0.19311531692223655,0.6513616336577253,1.1333286594841783,0.1353911969720221,0.16980953129164078,0.12958151649236965,0.12953703463808525,28.23574850171746,0.8235385722844232,58.74569051041338,11.29818807,1650,258.52240958324654
1.869461380979878,37.68405273444444,QQQ-USD,26,41361.24105637866,88.39160839160839,19.81671300755357,off-RTH,0.9031261032466998,1.4651267146905413,0.4071998475730766,0.4933711010764093,1.2481716531063485,-0.1906770898745833,0.6690961306287896,1.320894341745794,0.027061496569797023,0.20278856473060883,1.1296806814926281,-0.5353632800467416,2.3744050520466358,1.6631786115231189,0.13858765322584804,61.937933240941675,0.6278060403407053,78.44574590088648,499.4498535,2145,56.92062940033519
10.447334319756001,52.25918195138889,UNI-USD,26,24233.55624167168,79.27565392354124,0.5886802815447981,24/7,5.697432143492917,10.712998172808986,1.8928397986448913,0.4164082869575906,8.332405802242125,-7.166162916994573,4.777461942702906,11.43204098122428,-0.26764667031651773,1.4162405106860207,10.493360770734979,-7.930909566731878,10.407975320322207,10.380024220056907,1.1386279533156227,70.01937950264498,2.913481890920237,81.52506206981138,2005.9010444160003,497,9.510290468425353
2.064015461687193,38.473271976111114,AMD-USD,10,2359.503224633504,97.21362229102168,0.9348965640383126,off-RTH,1.1719674526300743,1.8789459719474442,0.4641906517988679,-0.4025961631167513,2.296380477389752,-2.7161055957289877,1.1490275342986744,2.136904267202951,0.29086673159382365,-2.3463686797532213,2.466089008167904,-7.046710599111773,7.233978519617915,7.396516421167894,0.17558800031589872,36.35442775728567,0.15495209698876422,82.60022881519401,450.15467084800014,646,16.79087758382275
0.7069139622979795,52.25301208416667,BTC-USD,345,2372253.2210465986,68.91958587116241,83.65265793595276,24/7,-0.11667519234305623,0.0015236109311206876,-0.26385801912361173,-0.46380685683927614,0.018483009443544807,-0.9617082885873061,-0.32114384946020597,-0.1564717905213717,-0.5117243284708747,-0.27559221783783355,0.27238002990843285,-0.7935972289787439,0.060776911743318576,0.012324689002596291,0.012272641642087901,28.84273741868137,0.176510435698611,55.38052002549253,264.437225072,178302,3412.2817592371443
2.71451432910941,52.226583741666666,AAVE-USD,8,8814.672284267523,74.91166077738515,1.2822018241836364,24/7,1.7258952136056525,5.348484550468031,-0.2659099897124339,-0.6058725425748162,6.591840225745504,-7.185378266706118,-0.23387311131733404,3.6166980070449566,-3.5462758240116954,-0.4480416349802248,7.765932302969765,-6.726481092036652,4.970091087575199,5.051051701121563,0.7138268256114573,50.6771238568935,-7.058990013158579,88.67152616850447,498.84891958950004,283,5.4186963750076
1.026948550635325,52.257897093333334,SOL-USD,78,241145.09271327357,84.18789706731695,39.37772688620888,24/7,-0.07040272103115953,0.31667490837880957,-0.5219505269434148,-0.6105020081103798,0.5203755115520323,-1.7294212992254367,-0.47320630872100045,0.08336057490048805,-1.079680525432426,-0.09282808566315855,1.3145289707420005,-1.4942420703319768,0.5807444353587277,0.3585128885387811,0.08891694712469837,27.288616762373874,-0.8145545858946978,68.30743986075933,11.2902,46749,894.5824956657868
0.6470166633118749,6.133235874444445,QQQ-USD,19,78918.93742977132,83.42133051742344,47.17829668477121,RTH,0.0993004349366194,0.26601497590773887,-0.14355772995935628,-0.6995791659333424,-0.22797140582468867,-1.0808586552431503,-0.04486832427161516,0.1979876166008504,-0.3577145302313073,-1.0807561915355448,0.2703187487864281,-1.810222022576842,0.6276998197310081,0.27097700760219895,0.13549860097682168,35.690722117226535,-0.8011819210669905,66.1333101410384,50.0170346795,947,154.40462740816736
2.7395252185789154,30.325693760555556,SLV-USD,9,15142.787790509112,96.19047619047619,2.99572003824647,off-RTH,-1.2578956641474672,1.2914326895634518,-4.176428926076853,-0.7536818454341847,3.5747872476272597,-7.709890394586759,-1.5181489074632444,1.3388223438624363,-4.704375790706626,-0.19942534165410383,5.214171083247861,-9.284328436753494,8.705448695918257,8.346548702111201,1.6675004168747725,63.90266954692236,-3.2222872353907683,91.76894023210559,2501.457484271,210,6.924820967266567
0.727545345019872,52.24690819055556,ETH-USD,147,476452.52262761956,72.94182462514331,47.20091549309255,24/7,-0.2030212335538993,-0.02209311270342777,-0.3958817658294663,-0.7683448387001885,-0.26538041187932326,-1.2846291184067182,-0.6399088625561106,-0.25807217326044574,-1.1404521434335821,-0.49579664350477604,0.52719520499929,-1.4340770695788472,0.34574384927446555,0.07585469275049803,0.03749348550600657,25.188930482308763,0.1036698995439234,54.36862600964821,115.0016957325,67159,1285.4157753231423
1.8985794473999298,52.26015003472222,XRP-USD,22,16827.272502721764,89.39393939393939,0.607103476677694,24/7,0.17826596886231094,1.3638802527429459,-1.2311679725834037,-0.9419284795209465,1.187846337155624,-3.4924815014387107,-0.26980434409533255,1.2209395571665211,-2.358112419159815,-2.092276066949805,0.6000577036582881,-5.179595419486868,4.012319565517058,4.196684619150409,0.7015328492755901,26.887335504391707,-0.24474037800783602,64.54011489566982,500.15449406249996,1320,25.25825125115365
3.1135804921397017,36.604828176666665,TSLA-USD,7,593.8546481696261,86.53846153846155,0.04615265786681131,off-RTH,2.1332385540229843,3.031651544665295,0.7990235022605284,-1.1775617793565765,2.7784776294726776,-6.174490644979611,1.6647222789342462,2.7669284152777287,0.4214290427235893,0.5034469238162944,3.807957595419721,-3.560974340483751,7.932882987254446,8.249917500825305,0.27078989412090515,36.47314349548893,-4.999485988995155,85.32159602627497,449.875147008,52,1.4205776284218925
7.433540424933162,52.25659783027778,NEAR-USD,38,55839.203414162854,92.11571185479298,5.6062888584127935,24/7,-0.00851853705036055,2.679907764627589,-2.306959142166285,-1.958459892775413,6.005771632115805,-11.953617745730634,-3.087773420191674,1.1429860122491953,-8.08683399067967,-6.432787927601912,2.3056028525774077,-17.1858881773059,7.366276408921289,6.997084548105222,2.4351637647618305,43.96072895560324,6.5762277750962586,84.24112970971616,5006.1347258962505,1763,33.737366633127955
5.010823998730959,30.5283178275,SPCX-USD,4,1436.3181474009434,91.83673469387756,0.0,off-RTH,0.933772627193966,5.464267749737125,-0.8880386798124296,-2.286212184794834,5.183203944754357,-5.250758262180582,-0.6013988439649093,5.0913009482252125,-2.979282049472499,0.6828551404811357,5.933858938975773,-1.2611896784777354,10.757416894665832,12.461059190031003,0.6507451031425069,57.36693707649726,-6.560857060632964,93.0150208145277,1500.2932136939999,49,1.605067147062412
0.8961956346547179,52.26027730916667,ZEC-USD,57,159915.3951694203,79.37917583101631,16.667919391819687,24/7,-1.5740767759842915,-1.3113072608733523,-1.8857409483538534,-3.930083446386902,-3.227735786069838,-4.606197303922356,-2.540878415673871,-2.1399779534958325,-3.001760164442907,-4.174900629484496,-3.3212762638407534,-5.020687226539478,2.623173904468552,2.950228400312463,0.006739237017121727,62.05833643750199,-5.327423748066156,88.2735305482576,4997.789810781251,24097,461.09590765170486
1.7266462156958797,6.4999915802777775,AMD-USD,14,16179.606192345356,97.38219895287958,1.3697094152676106,RTH,-1.6762949792719135,-0.7582333452021321,-3.088119504057217,-4.353378490035845,-0.10030813005736182,-7.901838023710237,-2.1494068633930845,-1.148983735125208,-4.12840878013995,-4.930909369570071,-1.1168722437138774,-7.48247260403747,5.642124587644397,5.557008368201358,0.16409583196571884,27.8689846935698,1.883155147145962,67.59132259655088,613.0,191,29.384653447787635
4.674102859278567,6.499945154722222,SPCX-USD,6,39866.27460173823,98.01980198019803,0.037383729963922877,RTH,-3.0002784626228967,-0.06973286451911698,-5.347498121909082,-19.319913652417505,4.383597649500506,-26.742832096354,-11.196880020984475,-0.3562442764577552,-13.397980127915718,-5.548562779967323,8.285547633448747,-11.397951482631315,10.110900501837316,10.183947552669887,0.6440601552179117,84.71746347159159,-23.771986035610265,98.79227429809012,9993.705139196001,202,31.077185297978495
