source,month,bucket,fills,rs30_bps
arcus:AAVE-USD,2026-W38,touch,317,15.1647
arcus:AAVE-USD,2026-W38,0-2 bps,36,36.768
arcus:AAVE-USD,2026-W38,2-5 bps,67,22.7052
arcus:AAVE-USD,2026-W38,5-10 bps,23,18.6477
arcus:AAVE-USD,2026-W38,10+ bps,10,18.6168
arcus:AAVE-USD,POOLED,touch,317,15.1647
arcus:AAVE-USD,POOLED,0-2 bps,36,36.768
arcus:AAVE-USD,POOLED,2-5 bps,67,22.7052
arcus:AAVE-USD,POOLED,5-10 bps,23,18.6477
arcus:AAVE-USD,POOLED,10+ bps,10,18.6168
arcus:AMD-USD,2026-W27,touch,957,6.8813
arcus:AMD-USD,2026-W27,10+ bps,10,100.5385
arcus:AMD-USD,2026-W28,touch,1930,17.5258
arcus:AMD-USD,2026-W28,2-5 bps,10,28.3718
arcus:AMD-USD,2026-W28,5-10 bps,16,14.6449
arcus:AMD-USD,2026-W29,touch,4424,15.7038
arcus:AMD-USD,2026-W29,0-2 bps,29,4.1241
arcus:AMD-USD,2026-W29,2-5 bps,13,3.8342
arcus:AMD-USD,2026-W29,5-10 bps,22,9.6683
arcus:AMD-USD,2026-W29,10+ bps,17,8.5704
arcus:AMD-USD,2026-W30,touch,1469,4.6531
arcus:AMD-USD,2026-W30,0-2 bps,26,7.1594
arcus:AMD-USD,2026-W31,touch,514,73.7985
arcus:AMD-USD,2026-W32,touch,707,16.0433
arcus:AMD-USD,2026-W32,0-2 bps,10,16.7177
arcus:AMD-USD,2026-W33,touch,190,39.3566
arcus:AMD-USD,2026-W35,touch,453,8.6914
arcus:AMD-USD,2026-W35,0-2 bps,26,0.0073
arcus:AMD-USD,2026-W36,touch,498,3.3605
arcus:AMD-USD,2026-W36,0-2 bps,22,9.5223
arcus:AMD-USD,2026-W37,touch,1104,-0.775
arcus:AMD-USD,2026-W37,0-2 bps,17,14.877
arcus:AMD-USD,2026-W38,touch,1008,2.8299
arcus:AMD-USD,2026-W38,0-2 bps,13,4.3514
arcus:AMD-USD,2026-W39,touch,521,1.1545
arcus:AMD-USD,2026-W39,0-2 bps,16,0.2025
arcus:AMD-USD,POOLED,touch,13775,14.0737
arcus:AMD-USD,POOLED,0-2 bps,182,7.0416
arcus:AMD-USD,POOLED,2-5 bps,65,20.5626
arcus:AMD-USD,POOLED,5-10 bps,63,8.9196
arcus:AMD-USD,POOLED,10+ bps,39,10.099
arcus:BTC-USD,2026-W26,touch,162,17.1743
arcus:BTC-USD,2026-W26,2-5 bps,10,35.7642
arcus:BTC-USD,2026-W26,5-10 bps,29,27.4537
arcus:BTC-USD,2026-W26,10+ bps,77,30.4661
arcus:BTC-USD,2026-W27,touch,5099,11.342
arcus:BTC-USD,2026-W27,0-2 bps,72,14.1886
arcus:BTC-USD,2026-W27,2-5 bps,125,12.7663
arcus:BTC-USD,2026-W27,5-10 bps,137,16.1608
arcus:BTC-USD,2026-W27,10+ bps,166,14.9077
arcus:BTC-USD,2026-W28,touch,234,14.1277
arcus:BTC-USD,2026-W28,0-2 bps,93,9.9343
arcus:BTC-USD,2026-W28,2-5 bps,36,6.4233
arcus:BTC-USD,2026-W28,5-10 bps,11,8.2828
arcus:BTC-USD,2026-W29,touch,1182,6.9704
arcus:BTC-USD,2026-W29,0-2 bps,255,6.0692
arcus:BTC-USD,2026-W29,2-5 bps,81,8.2464
arcus:BTC-USD,2026-W29,5-10 bps,33,6.1447
arcus:BTC-USD,2026-W29,10+ bps,21,35.2805
arcus:BTC-USD,2026-W30,touch,2715,5.2808
arcus:BTC-USD,2026-W30,0-2 bps,509,6.7614
arcus:BTC-USD,2026-W30,2-5 bps,156,6.0084
arcus:BTC-USD,2026-W30,5-10 bps,46,3.3914
arcus:BTC-USD,2026-W30,10+ bps,16,9.6291
arcus:BTC-USD,2026-W31,touch,26133,0.6508
arcus:BTC-USD,2026-W31,0-2 bps,6679,1.7695
arcus:BTC-USD,2026-W31,2-5 bps,964,2.5764
arcus:BTC-USD,2026-W31,5-10 bps,109,4.2368
arcus:BTC-USD,2026-W31,10+ bps,23,2.8065
arcus:BTC-USD,2026-W32,touch,92698,-0.253
arcus:BTC-USD,2026-W32,0-2 bps,43494,0.7647
arcus:BTC-USD,2026-W32,2-5 bps,2902,1.7884
arcus:BTC-USD,2026-W32,5-10 bps,459,2.0483
arcus:BTC-USD,2026-W32,10+ bps,39,0.7088
arcus:BTC-USD,2026-W33,touch,331976,-0.5198
arcus:BTC-USD,2026-W33,0-2 bps,117724,-0.089
arcus:BTC-USD,2026-W33,2-5 bps,6208,0.8263
arcus:BTC-USD,2026-W33,5-10 bps,150,2.6517
arcus:BTC-USD,2026-W33,10+ bps,38,49.6614
arcus:BTC-USD,2026-W34,touch,424402,-1.3632
arcus:BTC-USD,2026-W34,0-2 bps,182228,0.6051
arcus:BTC-USD,2026-W34,2-5 bps,13767,1.1083
arcus:BTC-USD,2026-W34,5-10 bps,665,4.1187
arcus:BTC-USD,2026-W34,10+ bps,317,43.5071
arcus:BTC-USD,2026-W35,touch,326728,-1.4471
arcus:BTC-USD,2026-W35,0-2 bps,106657,0.1689
arcus:BTC-USD,2026-W35,2-5 bps,6886,0.4839
arcus:BTC-USD,2026-W35,5-10 bps,196,9.0394
arcus:BTC-USD,2026-W35,10+ bps,177,88.8043
arcus:BTC-USD,2026-W36,touch,429411,-1.1433
arcus:BTC-USD,2026-W36,0-2 bps,161257,0.1798
arcus:BTC-USD,2026-W36,2-5 bps,5837,1.2766
arcus:BTC-USD,2026-W36,5-10 bps,126,5.3757
arcus:BTC-USD,2026-W36,10+ bps,59,16.8745
arcus:BTC-USD,2026-W37,touch,371068,-1.0377
arcus:BTC-USD,2026-W37,0-2 bps,134347,-0.0476
arcus:BTC-USD,2026-W37,2-5 bps,4353,0.5692
arcus:BTC-USD,2026-W37,5-10 bps,144,13.7062
arcus:BTC-USD,2026-W37,10+ bps,97,23.2494
arcus:BTC-USD,2026-W38,touch,399241,-0.8314
arcus:BTC-USD,2026-W38,0-2 bps,174223,-0.0131
arcus:BTC-USD,2026-W38,2-5 bps,3975,0.607
arcus:BTC-USD,2026-W38,5-10 bps,50,-0.4643
arcus:BTC-USD,2026-W38,10+ bps,11,26.3136
arcus:BTC-USD,2026-W39,touch,86373,-0.9562
arcus:BTC-USD,2026-W39,0-2 bps,34130,0.0985
arcus:BTC-USD,2026-W39,2-5 bps,1224,-0.4736
arcus:BTC-USD,2026-W39,5-10 bps,39,-0.6786
arcus:BTC-USD,POOLED,touch,2497422,-0.7576
arcus:BTC-USD,POOLED,0-2 bps,961669,0.3567
arcus:BTC-USD,POOLED,2-5 bps,46524,1.1325
arcus:BTC-USD,POOLED,5-10 bps,2194,3.4979
arcus:BTC-USD,POOLED,10+ bps,1050,43.7236
arcus:CASHCAT-USD,2026-W29,touch,926,291.5086
arcus:CASHCAT-USD,2026-W29,10+ bps,98,348.9475
arcus:CASHCAT-USD,2026-W30,touch,389,329.7963
arcus:CASHCAT-USD,2026-W30,10+ bps,60,-14.6782
arcus:CASHCAT-USD,2026-W31,touch,345,73.2753
arcus:CASHCAT-USD,2026-W31,10+ bps,98,-73.9872
arcus:CASHCAT-USD,2026-W32,touch,759,118.8452
arcus:CASHCAT-USD,2026-W32,0-2 bps,10,277.0988
arcus:CASHCAT-USD,2026-W32,2-5 bps,15,101.0271
arcus:CASHCAT-USD,2026-W32,5-10 bps,24,71.7202
arcus:CASHCAT-USD,2026-W32,10+ bps,235,95.499
arcus:CASHCAT-USD,2026-W33,touch,1251,41.9059
arcus:CASHCAT-USD,2026-W33,0-2 bps,26,11.1582
arcus:CASHCAT-USD,2026-W33,2-5 bps,18,38.291
arcus:CASHCAT-USD,2026-W33,5-10 bps,46,31.0585
arcus:CASHCAT-USD,2026-W33,10+ bps,232,64.5749
arcus:CASHCAT-USD,2026-W34,touch,1327,-32.3661
arcus:CASHCAT-USD,2026-W34,5-10 bps,11,126.1664
arcus:CASHCAT-USD,2026-W34,10+ bps,205,84.1686
arcus:CASHCAT-USD,2026-W35,touch,3985,37.7882
arcus:CASHCAT-USD,2026-W35,0-2 bps,27,69.2313
arcus:CASHCAT-USD,2026-W35,2-5 bps,15,37.0296
arcus:CASHCAT-USD,2026-W35,5-10 bps,24,13.9496
arcus:CASHCAT-USD,2026-W35,10+ bps,428,39.5838
arcus:CASHCAT-USD,2026-W36,touch,3911,39.6686
arcus:CASHCAT-USD,2026-W36,0-2 bps,69,32.3911
arcus:CASHCAT-USD,2026-W36,2-5 bps,54,42.2569
arcus:CASHCAT-USD,2026-W36,5-10 bps,79,48.9823
arcus:CASHCAT-USD,2026-W36,10+ bps,484,60.5824
arcus:CASHCAT-USD,2026-W37,touch,3121,42.3055
arcus:CASHCAT-USD,2026-W37,0-2 bps,23,34.5889
arcus:CASHCAT-USD,2026-W37,2-5 bps,80,69.0709
arcus:CASHCAT-USD,2026-W37,5-10 bps,67,42.425
arcus:CASHCAT-USD,2026-W37,10+ bps,587,70.8539
arcus:CASHCAT-USD,2026-W38,touch,3719,40.034
arcus:CASHCAT-USD,2026-W38,0-2 bps,45,30.5675
arcus:CASHCAT-USD,2026-W38,2-5 bps,45,44.3636
arcus:CASHCAT-USD,2026-W38,5-10 bps,75,22.7655
arcus:CASHCAT-USD,2026-W38,10+ bps,841,79.2614
arcus:CASHCAT-USD,2026-W39,touch,897,49.6247
arcus:CASHCAT-USD,2026-W39,10+ bps,61,66.1593
arcus:CASHCAT-USD,POOLED,touch,20630,81.1847
arcus:CASHCAT-USD,POOLED,0-2 bps,215,65.4855
arcus:CASHCAT-USD,POOLED,2-5 bps,239,-50.4238
arcus:CASHCAT-USD,POOLED,5-10 bps,333,55.4041
arcus:CASHCAT-USD,POOLED,10+ bps,3329,69.6098
arcus:ETH-USD,2026-W27,touch,4118,25.7276
arcus:ETH-USD,2026-W27,0-2 bps,15,25.5678
arcus:ETH-USD,2026-W27,2-5 bps,27,63.1529
arcus:ETH-USD,2026-W27,5-10 bps,44,-35.8992
arcus:ETH-USD,2026-W27,10+ bps,41,34.8176
arcus:ETH-USD,2026-W29,touch,243,13.7272
arcus:ETH-USD,2026-W29,0-2 bps,53,16.6003
arcus:ETH-USD,2026-W29,2-5 bps,13,31.2847
arcus:ETH-USD,2026-W30,touch,1149,7.2338
arcus:ETH-USD,2026-W30,0-2 bps,218,4.6919
arcus:ETH-USD,2026-W30,2-5 bps,53,6.3777
arcus:ETH-USD,2026-W30,5-10 bps,12,2.4028
arcus:ETH-USD,2026-W31,touch,4450,3.8778
arcus:ETH-USD,2026-W31,0-2 bps,557,3.372
arcus:ETH-USD,2026-W31,2-5 bps,138,2.2801
arcus:ETH-USD,2026-W31,5-10 bps,47,2.6541
arcus:ETH-USD,2026-W31,10+ bps,18,6.4341
arcus:ETH-USD,2026-W32,touch,13692,1.167
arcus:ETH-USD,2026-W32,0-2 bps,3717,2.3392
arcus:ETH-USD,2026-W32,2-5 bps,633,4.1196
arcus:ETH-USD,2026-W32,5-10 bps,86,4.4098
arcus:ETH-USD,2026-W32,10+ bps,16,8.6749
arcus:ETH-USD,2026-W33,touch,48061,-0.7574
arcus:ETH-USD,2026-W33,0-2 bps,18298,0.4834
arcus:ETH-USD,2026-W33,2-5 bps,1426,0.6977
arcus:ETH-USD,2026-W33,5-10 bps,81,0.5332
arcus:ETH-USD,2026-W33,10+ bps,12,1.2863
arcus:ETH-USD,2026-W34,touch,129222,-2.7627
arcus:ETH-USD,2026-W34,0-2 bps,34712,0.5711
arcus:ETH-USD,2026-W34,2-5 bps,3161,4.4262
arcus:ETH-USD,2026-W34,5-10 bps,387,1.553
arcus:ETH-USD,2026-W34,10+ bps,149,22.0161
arcus:ETH-USD,2026-W35,touch,101375,-1.9099
arcus:ETH-USD,2026-W35,0-2 bps,27231,0.8467
arcus:ETH-USD,2026-W35,2-5 bps,1659,2.0598
arcus:ETH-USD,2026-W35,5-10 bps,157,8.6152
arcus:ETH-USD,2026-W35,10+ bps,55,21.0705
arcus:ETH-USD,2026-W36,touch,98461,-1.6224
arcus:ETH-USD,2026-W36,0-2 bps,31720,0.2595
arcus:ETH-USD,2026-W36,2-5 bps,1338,-0.7171
arcus:ETH-USD,2026-W36,5-10 bps,37,2.0217
arcus:ETH-USD,2026-W36,10+ bps,11,28.772
arcus:ETH-USD,2026-W37,touch,108296,-1.6579
arcus:ETH-USD,2026-W37,0-2 bps,33392,0.3153
arcus:ETH-USD,2026-W37,2-5 bps,2587,0.0421
arcus:ETH-USD,2026-W37,5-10 bps,79,5.0101
arcus:ETH-USD,2026-W37,10+ bps,30,89.1493
arcus:ETH-USD,2026-W38,touch,122263,-1.6794
arcus:ETH-USD,2026-W38,0-2 bps,38780,0.1928
arcus:ETH-USD,2026-W38,2-5 bps,4630,-1.6525
arcus:ETH-USD,2026-W38,5-10 bps,175,-28.9593
arcus:ETH-USD,2026-W38,10+ bps,70,15.854
arcus:ETH-USD,2026-W39,touch,37589,-1.6464
arcus:ETH-USD,2026-W39,0-2 bps,10459,0.0823
arcus:ETH-USD,2026-W39,2-5 bps,876,1.725
arcus:ETH-USD,2026-W39,5-10 bps,24,6.2136
arcus:ETH-USD,POOLED,touch,668919,-0.9512
arcus:ETH-USD,POOLED,0-2 bps,199152,0.7753
arcus:ETH-USD,POOLED,2-5 bps,16541,1.8689
arcus:ETH-USD,POOLED,5-10 bps,1135,2.6332
arcus:ETH-USD,POOLED,10+ bps,417,20.6153
arcus:GLD-USD,2026-W27,touch,783,73.2143
arcus:GLD-USD,2026-W27,10+ bps,139,84.2645
arcus:GLD-USD,2026-W30,touch,276,-18.5464
arcus:GLD-USD,2026-W30,0-2 bps,16,-19.0962
arcus:GLD-USD,2026-W30,5-10 bps,55,-23.0581
arcus:GLD-USD,2026-W31,touch,185,5.3151
arcus:GLD-USD,2026-W31,0-2 bps,31,13.3409
arcus:GLD-USD,2026-W32,touch,484,5.2266
arcus:GLD-USD,2026-W32,0-2 bps,84,9.0631
arcus:GLD-USD,2026-W32,2-5 bps,17,7.3331
arcus:GLD-USD,2026-W32,5-10 bps,23,5.7166
arcus:GLD-USD,2026-W33,touch,832,4.154
arcus:GLD-USD,2026-W33,0-2 bps,164,4.1237
arcus:GLD-USD,2026-W33,2-5 bps,72,8.763
arcus:GLD-USD,2026-W33,5-10 bps,35,8.9602
arcus:GLD-USD,2026-W33,10+ bps,11,21.7808
arcus:GLD-USD,2026-W34,touch,2600,1.6791
arcus:GLD-USD,2026-W34,0-2 bps,1231,3.2712
arcus:GLD-USD,2026-W34,2-5 bps,565,4.1488
arcus:GLD-USD,2026-W34,5-10 bps,274,2.3252
arcus:GLD-USD,2026-W34,10+ bps,152,7.9506
arcus:GLD-USD,2026-W35,touch,1643,4.3606
arcus:GLD-USD,2026-W35,0-2 bps,385,3.4312
arcus:GLD-USD,2026-W35,2-5 bps,161,3.5832
arcus:GLD-USD,2026-W35,5-10 bps,81,4.7451
arcus:GLD-USD,2026-W35,10+ bps,53,8.6864
arcus:GLD-USD,2026-W36,touch,3903,4.1285
arcus:GLD-USD,2026-W36,0-2 bps,818,3.8393
arcus:GLD-USD,2026-W36,2-5 bps,428,4.3434
arcus:GLD-USD,2026-W36,5-10 bps,277,5.9161
arcus:GLD-USD,2026-W36,10+ bps,91,7.5923
arcus:GLD-USD,2026-W37,touch,2497,2.7793
arcus:GLD-USD,2026-W37,0-2 bps,439,4.7818
arcus:GLD-USD,2026-W37,2-5 bps,462,4.9663
arcus:GLD-USD,2026-W37,5-10 bps,336,5.5415
arcus:GLD-USD,2026-W37,10+ bps,70,9.955
arcus:GLD-USD,2026-W38,touch,2594,3.3507
arcus:GLD-USD,2026-W38,0-2 bps,215,4.1037
arcus:GLD-USD,2026-W38,2-5 bps,495,5.3959
arcus:GLD-USD,2026-W38,5-10 bps,289,6.9375
arcus:GLD-USD,2026-W38,10+ bps,25,4.481
arcus:GLD-USD,2026-W39,touch,475,5.16
arcus:GLD-USD,2026-W39,0-2 bps,46,4.2026
arcus:GLD-USD,2026-W39,2-5 bps,83,6.0295
arcus:GLD-USD,2026-W39,5-10 bps,45,7.3356
arcus:GLD-USD,POOLED,touch,16272,-5.2846
arcus:GLD-USD,POOLED,0-2 bps,3429,1.5769
arcus:GLD-USD,POOLED,2-5 bps,2291,2.4742
arcus:GLD-USD,POOLED,5-10 bps,1421,-12.1951
arcus:GLD-USD,POOLED,10+ bps,564,-2.1357
arcus:GOOGL-USD,2026-W27,touch,967,22.6416
arcus:GOOGL-USD,2026-W27,5-10 bps,14,52.5644
arcus:GOOGL-USD,2026-W27,10+ bps,17,49.3405
arcus:GOOGL-USD,2026-W30,touch,1180,32.7672
arcus:GOOGL-USD,2026-W30,0-2 bps,32,2.2568
arcus:GOOGL-USD,2026-W30,2-5 bps,22,2.2994
arcus:GOOGL-USD,2026-W30,5-10 bps,36,4.9397
arcus:GOOGL-USD,2026-W31,touch,591,23.6827
arcus:GOOGL-USD,2026-W31,0-2 bps,76,6.287
arcus:GOOGL-USD,2026-W31,2-5 bps,35,32.6482
arcus:GOOGL-USD,2026-W32,touch,1109,8.4872
arcus:GOOGL-USD,2026-W32,0-2 bps,43,5.2059
arcus:GOOGL-USD,2026-W32,2-5 bps,25,2.7462
arcus:GOOGL-USD,2026-W33,touch,764,11.0452
arcus:GOOGL-USD,2026-W33,0-2 bps,48,15.3349
arcus:GOOGL-USD,2026-W33,2-5 bps,26,11.0418
arcus:GOOGL-USD,2026-W34,touch,181,6.8491
arcus:GOOGL-USD,2026-W34,0-2 bps,25,5.324
arcus:GOOGL-USD,2026-W34,2-5 bps,22,21.563
arcus:GOOGL-USD,2026-W35,touch,239,8.2448
arcus:GOOGL-USD,2026-W35,0-2 bps,21,0.2283
arcus:GOOGL-USD,2026-W35,2-5 bps,25,0.3288
arcus:GOOGL-USD,2026-W36,touch,825,4.4423
arcus:GOOGL-USD,2026-W36,0-2 bps,64,1.3488
arcus:GOOGL-USD,2026-W36,2-5 bps,12,0.558
arcus:GOOGL-USD,2026-W36,5-10 bps,12,15.3328
arcus:GOOGL-USD,2026-W37,touch,296,5.8978
arcus:GOOGL-USD,2026-W37,0-2 bps,55,6.2733
arcus:GOOGL-USD,2026-W37,2-5 bps,24,5.0824
arcus:GOOGL-USD,2026-W38,touch,390,9.1004
arcus:GOOGL-USD,2026-W38,0-2 bps,22,4.6501
arcus:GOOGL-USD,2026-W38,2-5 bps,24,1.1897
arcus:GOOGL-USD,2026-W38,5-10 bps,13,13.2706
arcus:GOOGL-USD,POOLED,touch,6542,20.361
arcus:GOOGL-USD,POOLED,0-2 bps,391,3.568
arcus:GOOGL-USD,POOLED,2-5 bps,218,8.6923
arcus:GOOGL-USD,POOLED,5-10 bps,106,6.6031
arcus:GOOGL-USD,POOLED,10+ bps,32,5.0442
arcus:HYPE-USD,2026-W27,touch,3770,107.9361
arcus:HYPE-USD,2026-W27,2-5 bps,18,44.3286
arcus:HYPE-USD,2026-W27,10+ bps,20,464.8137
arcus:HYPE-USD,2026-W30,touch,284,9.5074
arcus:HYPE-USD,2026-W30,0-2 bps,12,-0.1635
arcus:HYPE-USD,2026-W30,5-10 bps,12,1.3744
arcus:HYPE-USD,2026-W31,touch,2010,6.7223
arcus:HYPE-USD,2026-W31,0-2 bps,181,6.5533
arcus:HYPE-USD,2026-W31,2-5 bps,101,8.0179
arcus:HYPE-USD,2026-W31,5-10 bps,40,11.4983
arcus:HYPE-USD,2026-W31,10+ bps,14,15.2852
arcus:HYPE-USD,2026-W32,touch,3371,6.9994
arcus:HYPE-USD,2026-W32,0-2 bps,1068,6.4124
arcus:HYPE-USD,2026-W32,2-5 bps,327,9.7451
arcus:HYPE-USD,2026-W32,5-10 bps,125,9.5778
arcus:HYPE-USD,2026-W32,10+ bps,52,21.5869
arcus:HYPE-USD,2026-W33,touch,4689,3.3945
arcus:HYPE-USD,2026-W33,0-2 bps,655,3.1168
arcus:HYPE-USD,2026-W33,2-5 bps,310,3.9157
arcus:HYPE-USD,2026-W33,5-10 bps,80,4.6897
arcus:HYPE-USD,2026-W33,10+ bps,16,18.0935
arcus:HYPE-USD,2026-W34,touch,21597,0.5488
arcus:HYPE-USD,2026-W34,0-2 bps,2609,1.9249
arcus:HYPE-USD,2026-W34,2-5 bps,844,4.1899
arcus:HYPE-USD,2026-W34,5-10 bps,145,0.792
arcus:HYPE-USD,2026-W34,10+ bps,84,17.6458
arcus:HYPE-USD,2026-W35,touch,15820,0.5358
arcus:HYPE-USD,2026-W35,0-2 bps,3018,3.0115
arcus:HYPE-USD,2026-W35,2-5 bps,644,4.5767
arcus:HYPE-USD,2026-W35,5-10 bps,99,4.6431
arcus:HYPE-USD,2026-W35,10+ bps,19,3.086
arcus:HYPE-USD,2026-W36,touch,28789,-0.3428
arcus:HYPE-USD,2026-W36,0-2 bps,4575,0.451
arcus:HYPE-USD,2026-W36,2-5 bps,1251,0.3307
arcus:HYPE-USD,2026-W36,5-10 bps,184,0.7538
arcus:HYPE-USD,2026-W36,10+ bps,31,-0.6942
arcus:HYPE-USD,2026-W37,touch,39154,-0.6279
arcus:HYPE-USD,2026-W37,0-2 bps,4603,1.3014
arcus:HYPE-USD,2026-W37,2-5 bps,2217,1.7228
arcus:HYPE-USD,2026-W37,5-10 bps,391,3.3357
arcus:HYPE-USD,2026-W37,10+ bps,75,11.1091
arcus:HYPE-USD,2026-W38,touch,50511,-0.884
arcus:HYPE-USD,2026-W38,0-2 bps,7739,2.2212
arcus:HYPE-USD,2026-W38,2-5 bps,1939,2.6455
arcus:HYPE-USD,2026-W38,5-10 bps,251,-0.5869
arcus:HYPE-USD,2026-W38,10+ bps,11,14.1247
arcus:HYPE-USD,2026-W39,touch,4634,0.5738
arcus:HYPE-USD,2026-W39,0-2 bps,940,2.4202
arcus:HYPE-USD,2026-W39,2-5 bps,131,3.7182
arcus:HYPE-USD,2026-W39,5-10 bps,49,7.4329
arcus:HYPE-USD,POOLED,touch,174629,0.7937
arcus:HYPE-USD,POOLED,0-2 bps,25408,2.4777
arcus:HYPE-USD,POOLED,2-5 bps,7789,3.6493
arcus:HYPE-USD,POOLED,5-10 bps,1385,4.0473
arcus:HYPE-USD,POOLED,10+ bps,328,12.9674
arcus:LIT-USD,2026-W27,touch,3740,47.3293
arcus:LIT-USD,2026-W30,touch,237,13.8201
arcus:LIT-USD,2026-W30,5-10 bps,13,18.3903
arcus:LIT-USD,2026-W30,10+ bps,31,49.2743
arcus:LIT-USD,2026-W31,touch,241,48.7931
arcus:LIT-USD,2026-W32,touch,1388,22.1617
arcus:LIT-USD,2026-W32,0-2 bps,30,34.9079
arcus:LIT-USD,2026-W32,5-10 bps,12,15.6868
arcus:LIT-USD,2026-W32,10+ bps,29,25.1268
arcus:LIT-USD,2026-W33,touch,1364,19.9881
arcus:LIT-USD,2026-W33,0-2 bps,36,10.8084
arcus:LIT-USD,2026-W33,2-5 bps,47,24.8779
arcus:LIT-USD,2026-W33,5-10 bps,75,12.5203
arcus:LIT-USD,2026-W33,10+ bps,71,27.2456
arcus:LIT-USD,2026-W34,touch,2102,23.5111
arcus:LIT-USD,2026-W34,0-2 bps,176,26.6268
arcus:LIT-USD,2026-W34,2-5 bps,98,34.8466
arcus:LIT-USD,2026-W34,5-10 bps,74,14.3445
arcus:LIT-USD,2026-W34,10+ bps,129,24.0283
arcus:LIT-USD,2026-W35,touch,1455,27.8391
arcus:LIT-USD,2026-W35,0-2 bps,46,36.2573
arcus:LIT-USD,2026-W35,2-5 bps,30,24.104
arcus:LIT-USD,2026-W35,5-10 bps,29,22.6242
arcus:LIT-USD,2026-W35,10+ bps,54,33.5842
arcus:LIT-USD,2026-W36,touch,3711,20.0467
arcus:LIT-USD,2026-W36,0-2 bps,104,26.2596
arcus:LIT-USD,2026-W36,2-5 bps,117,15.2148
arcus:LIT-USD,2026-W36,5-10 bps,93,26.0991
arcus:LIT-USD,2026-W36,10+ bps,96,20.3647
arcus:LIT-USD,2026-W37,touch,4364,13.8578
arcus:LIT-USD,2026-W37,0-2 bps,130,13.8693
arcus:LIT-USD,2026-W37,2-5 bps,191,15.2127
arcus:LIT-USD,2026-W37,5-10 bps,155,12.667
arcus:LIT-USD,2026-W37,10+ bps,83,22.9136
arcus:LIT-USD,2026-W38,touch,4444,11.5362
arcus:LIT-USD,2026-W38,0-2 bps,109,18.1591
arcus:LIT-USD,2026-W38,2-5 bps,100,24.7248
arcus:LIT-USD,2026-W38,5-10 bps,47,21.6204
arcus:LIT-USD,2026-W38,10+ bps,25,19.8805
arcus:LIT-USD,2026-W39,touch,1154,6.1154
arcus:LIT-USD,2026-W39,0-2 bps,47,8.0208
arcus:LIT-USD,2026-W39,2-5 bps,38,5.5096
arcus:LIT-USD,POOLED,touch,24200,19.1555
arcus:LIT-USD,POOLED,0-2 bps,687,30.5075
arcus:LIT-USD,POOLED,2-5 bps,630,22.122
arcus:LIT-USD,POOLED,5-10 bps,504,17.9722
arcus:LIT-USD,POOLED,10+ bps,531,28.432
arcus:NEAR-USD,2026-W37,touch,625,21.0386
arcus:NEAR-USD,2026-W37,2-5 bps,115,29.0664
arcus:NEAR-USD,2026-W37,5-10 bps,46,33.4698
arcus:NEAR-USD,2026-W37,10+ bps,35,21.3317
arcus:NEAR-USD,2026-W38,touch,1953,16.2971
arcus:NEAR-USD,2026-W38,2-5 bps,99,19.7982
arcus:NEAR-USD,2026-W38,5-10 bps,60,40.1293
arcus:NEAR-USD,2026-W38,10+ bps,24,17.3855
arcus:NEAR-USD,2026-W39,touch,838,14.9093
arcus:NEAR-USD,2026-W39,2-5 bps,57,25.95
arcus:NEAR-USD,2026-W39,5-10 bps,11,3.6142
arcus:NEAR-USD,2026-W39,10+ bps,17,0.71
arcus:NEAR-USD,POOLED,touch,3416,16.7621
arcus:NEAR-USD,POOLED,2-5 bps,271,23.516
arcus:NEAR-USD,POOLED,5-10 bps,117,33.9209
arcus:NEAR-USD,POOLED,10+ bps,76,9.9396
arcus:NVDA-USD,2026-W27,touch,808,7.1398
arcus:NVDA-USD,2026-W29,touch,2192,13.6442
arcus:NVDA-USD,2026-W29,0-2 bps,27,3.5823
arcus:NVDA-USD,2026-W29,2-5 bps,11,24.1953
arcus:NVDA-USD,2026-W29,5-10 bps,12,6.9671
arcus:NVDA-USD,2026-W30,touch,7329,-0.2151
arcus:NVDA-USD,2026-W30,0-2 bps,132,1.364
arcus:NVDA-USD,2026-W30,2-5 bps,97,3.0993
arcus:NVDA-USD,2026-W30,5-10 bps,36,3.0111
arcus:NVDA-USD,2026-W30,10+ bps,19,14.0016
arcus:NVDA-USD,2026-W31,touch,3998,3.9892
arcus:NVDA-USD,2026-W31,0-2 bps,103,6.4582
arcus:NVDA-USD,2026-W31,2-5 bps,103,12.6892
arcus:NVDA-USD,2026-W31,5-10 bps,52,19.566
arcus:NVDA-USD,2026-W32,touch,1936,13.7844
arcus:NVDA-USD,2026-W32,0-2 bps,199,9.5144
arcus:NVDA-USD,2026-W32,2-5 bps,85,13.1817
arcus:NVDA-USD,2026-W32,5-10 bps,37,8.962
arcus:NVDA-USD,2026-W32,10+ bps,10,13.6678
arcus:NVDA-USD,2026-W33,touch,1178,4.3124
arcus:NVDA-USD,2026-W33,0-2 bps,156,4.8369
arcus:NVDA-USD,2026-W33,2-5 bps,36,7.13
arcus:NVDA-USD,2026-W34,touch,1180,4.1912
arcus:NVDA-USD,2026-W34,0-2 bps,116,5.6133
arcus:NVDA-USD,2026-W34,2-5 bps,39,3.6537
arcus:NVDA-USD,2026-W35,touch,2245,4.6225
arcus:NVDA-USD,2026-W35,0-2 bps,302,5.3223
arcus:NVDA-USD,2026-W35,2-5 bps,120,5.5085
arcus:NVDA-USD,2026-W35,5-10 bps,28,10.7171
arcus:NVDA-USD,2026-W35,10+ bps,10,22.7327
arcus:NVDA-USD,2026-W36,touch,8623,1.3028
arcus:NVDA-USD,2026-W36,0-2 bps,663,1.8563
arcus:NVDA-USD,2026-W36,2-5 bps,357,4.5995
arcus:NVDA-USD,2026-W36,5-10 bps,86,5.4828
arcus:NVDA-USD,2026-W36,10+ bps,13,-0.967
arcus:NVDA-USD,2026-W37,touch,8247,0.6348
arcus:NVDA-USD,2026-W37,0-2 bps,659,2.9736
arcus:NVDA-USD,2026-W37,2-5 bps,309,3.1914
arcus:NVDA-USD,2026-W37,5-10 bps,100,5.5448
arcus:NVDA-USD,2026-W38,touch,7414,0.8698
arcus:NVDA-USD,2026-W38,0-2 bps,700,1.5432
arcus:NVDA-USD,2026-W38,2-5 bps,348,2.9054
arcus:NVDA-USD,2026-W38,5-10 bps,102,5.3222
arcus:NVDA-USD,2026-W39,touch,1696,0.7575
arcus:NVDA-USD,2026-W39,0-2 bps,185,0.5259
arcus:NVDA-USD,2026-W39,2-5 bps,92,2.7246
arcus:NVDA-USD,2026-W39,5-10 bps,16,13.1097
arcus:NVDA-USD,POOLED,touch,46846,3.481
arcus:NVDA-USD,POOLED,0-2 bps,3243,4.7487
arcus:NVDA-USD,POOLED,2-5 bps,1599,5.7106
arcus:NVDA-USD,POOLED,5-10 bps,485,6.6716
arcus:NVDA-USD,POOLED,10+ bps,79,11.8799
arcus:QQQ-USD,2026-W27,touch,813,11.5571
arcus:QQQ-USD,2026-W29,touch,478,7.1778
arcus:QQQ-USD,2026-W29,5-10 bps,75,-5.6442
arcus:QQQ-USD,2026-W29,10+ bps,36,-4.656
arcus:QQQ-USD,2026-W30,touch,2191,2.9565
arcus:QQQ-USD,2026-W30,0-2 bps,57,0.8978
arcus:QQQ-USD,2026-W30,2-5 bps,55,-5.5598
arcus:QQQ-USD,2026-W30,5-10 bps,16,-0.3106
arcus:QQQ-USD,2026-W31,touch,1458,3.3616
arcus:QQQ-USD,2026-W31,0-2 bps,41,2.7073
arcus:QQQ-USD,2026-W31,2-5 bps,59,5.0886
arcus:QQQ-USD,2026-W31,5-10 bps,22,-0.9592
arcus:QQQ-USD,2026-W32,touch,1470,5.0164
arcus:QQQ-USD,2026-W32,0-2 bps,180,6.4716
arcus:QQQ-USD,2026-W32,2-5 bps,54,5.7509
arcus:QQQ-USD,2026-W32,5-10 bps,17,9.8268
arcus:QQQ-USD,2026-W32,10+ bps,12,7.9885
arcus:QQQ-USD,2026-W33,touch,913,2.5776
arcus:QQQ-USD,2026-W33,0-2 bps,69,3.7578
arcus:QQQ-USD,2026-W33,2-5 bps,16,1.8854
arcus:QQQ-USD,2026-W34,touch,492,3.1668
arcus:QQQ-USD,2026-W34,0-2 bps,109,3.5519
arcus:QQQ-USD,2026-W34,2-5 bps,29,3.8436
arcus:QQQ-USD,2026-W34,5-10 bps,11,2.4892
arcus:QQQ-USD,2026-W35,touch,3854,2.7916
arcus:QQQ-USD,2026-W35,0-2 bps,1189,3.2412
arcus:QQQ-USD,2026-W35,2-5 bps,145,3.8546
arcus:QQQ-USD,2026-W35,5-10 bps,44,3.6693
arcus:QQQ-USD,2026-W35,10+ bps,14,9.8743
arcus:QQQ-USD,2026-W36,touch,10059,0.5036
arcus:QQQ-USD,2026-W36,0-2 bps,2864,1.542
arcus:QQQ-USD,2026-W36,2-5 bps,353,2.5425
arcus:QQQ-USD,2026-W36,5-10 bps,43,4.0712
arcus:QQQ-USD,2026-W37,touch,10342,0.2589
arcus:QQQ-USD,2026-W37,0-2 bps,1194,1.2009
arcus:QQQ-USD,2026-W37,2-5 bps,316,2.765
arcus:QQQ-USD,2026-W37,5-10 bps,39,2.4426
arcus:QQQ-USD,2026-W38,touch,10630,0.6811
arcus:QQQ-USD,2026-W38,0-2 bps,1011,1.4276
arcus:QQQ-USD,2026-W38,2-5 bps,348,1.7356
arcus:QQQ-USD,2026-W38,5-10 bps,49,5.5038
arcus:QQQ-USD,2026-W38,10+ bps,11,8.2738
arcus:QQQ-USD,2026-W39,touch,1687,-0.1834
arcus:QQQ-USD,2026-W39,0-2 bps,254,0.5506
arcus:QQQ-USD,2026-W39,2-5 bps,37,1.6574
arcus:QQQ-USD,POOLED,touch,44387,1.9513
arcus:QQQ-USD,POOLED,0-2 bps,6976,2.386
arcus:QQQ-USD,POOLED,2-5 bps,1414,2.7168
arcus:QQQ-USD,POOLED,5-10 bps,317,3.6715
arcus:QQQ-USD,POOLED,10+ bps,92,5.4263
arcus:SLV-USD,2026-W27,touch,802,28.0166
arcus:SLV-USD,2026-W27,10+ bps,17,66.7175
arcus:SLV-USD,2026-W32,touch,195,43.0859
arcus:SLV-USD,2026-W32,0-2 bps,35,34.3246
arcus:SLV-USD,2026-W33,touch,720,7.3488
arcus:SLV-USD,2026-W33,0-2 bps,76,7.5556
arcus:SLV-USD,2026-W33,2-5 bps,30,7.1428
arcus:SLV-USD,2026-W33,5-10 bps,52,10.2297
arcus:SLV-USD,2026-W33,10+ bps,28,18.9003
arcus:SLV-USD,2026-W34,touch,427,13.0545
arcus:SLV-USD,2026-W34,0-2 bps,61,18.9499
arcus:SLV-USD,2026-W34,2-5 bps,15,16.8637
arcus:SLV-USD,2026-W34,5-10 bps,12,10.1303
arcus:SLV-USD,2026-W35,touch,862,5.449
arcus:SLV-USD,2026-W35,0-2 bps,58,9.2458
arcus:SLV-USD,2026-W35,2-5 bps,22,11.5464
arcus:SLV-USD,2026-W35,5-10 bps,13,9.552
arcus:SLV-USD,2026-W35,10+ bps,14,13.635
arcus:SLV-USD,2026-W36,touch,1520,5.5029
arcus:SLV-USD,2026-W36,0-2 bps,142,5.2573
arcus:SLV-USD,2026-W36,2-5 bps,60,10.9622
arcus:SLV-USD,2026-W36,5-10 bps,35,9.8287
arcus:SLV-USD,2026-W37,touch,1508,10.1814
arcus:SLV-USD,2026-W37,0-2 bps,85,5.8884
arcus:SLV-USD,2026-W37,2-5 bps,86,12.657
arcus:SLV-USD,2026-W37,5-10 bps,32,16.2459
arcus:SLV-USD,2026-W38,touch,815,3.4248
arcus:SLV-USD,2026-W38,0-2 bps,72,13.3245
arcus:SLV-USD,2026-W38,2-5 bps,27,10.0827
arcus:SLV-USD,2026-W38,5-10 bps,18,3.4964
arcus:SLV-USD,2026-W39,touch,228,1.7861
arcus:SLV-USD,2026-W39,0-2 bps,14,3.4827
arcus:SLV-USD,POOLED,touch,7077,11.758
arcus:SLV-USD,POOLED,0-2 bps,543,13.4188
arcus:SLV-USD,POOLED,2-5 bps,254,10.3934
arcus:SLV-USD,POOLED,5-10 bps,173,10.9412
arcus:SLV-USD,POOLED,10+ bps,84,20.1197
arcus:SOL-USD,2026-W27,touch,3973,41.0922
arcus:SOL-USD,2026-W27,0-2 bps,10,19.2582
arcus:SOL-USD,2026-W27,2-5 bps,15,-46.4813
arcus:SOL-USD,2026-W27,5-10 bps,31,115.5592
arcus:SOL-USD,2026-W27,10+ bps,68,76.5859
arcus:SOL-USD,2026-W28,touch,147,9.9367
arcus:SOL-USD,2026-W28,0-2 bps,24,10.8598
arcus:SOL-USD,2026-W28,2-5 bps,16,7.5467
arcus:SOL-USD,2026-W29,touch,5190,4.5069
arcus:SOL-USD,2026-W29,0-2 bps,54,9.1769
arcus:SOL-USD,2026-W30,touch,4557,1.804
arcus:SOL-USD,2026-W30,0-2 bps,85,2.2402
arcus:SOL-USD,2026-W30,2-5 bps,113,1.7144
arcus:SOL-USD,2026-W30,5-10 bps,66,3.3445
arcus:SOL-USD,2026-W30,10+ bps,52,-24.7269
arcus:SOL-USD,2026-W31,touch,2236,6.2109
arcus:SOL-USD,2026-W31,0-2 bps,283,5.3133
arcus:SOL-USD,2026-W31,2-5 bps,106,8.6913
arcus:SOL-USD,2026-W31,5-10 bps,19,2.0516
arcus:SOL-USD,2026-W32,touch,7285,1.0232
arcus:SOL-USD,2026-W32,0-2 bps,1573,2.4857
arcus:SOL-USD,2026-W32,2-5 bps,372,3.6299
arcus:SOL-USD,2026-W32,5-10 bps,45,2.2624
arcus:SOL-USD,2026-W32,10+ bps,13,6.6928
arcus:SOL-USD,2026-W33,touch,14766,0.5104
arcus:SOL-USD,2026-W33,0-2 bps,2546,1.2986
arcus:SOL-USD,2026-W33,2-5 bps,330,1.7707
arcus:SOL-USD,2026-W33,5-10 bps,15,2.2062
arcus:SOL-USD,2026-W34,touch,60345,-3.6888
arcus:SOL-USD,2026-W34,0-2 bps,8498,-1.0049
arcus:SOL-USD,2026-W34,2-5 bps,698,3.8065
arcus:SOL-USD,2026-W34,5-10 bps,100,-4.6195
arcus:SOL-USD,2026-W34,10+ bps,97,52.6288
arcus:SOL-USD,2026-W35,touch,77056,-2.4534
arcus:SOL-USD,2026-W35,0-2 bps,14948,-0.0067
arcus:SOL-USD,2026-W35,2-5 bps,905,3.7682
arcus:SOL-USD,2026-W35,5-10 bps,89,4.9134
arcus:SOL-USD,2026-W35,10+ bps,28,54.0829
arcus:SOL-USD,2026-W36,touch,75079,-1.3065
arcus:SOL-USD,2026-W36,0-2 bps,23267,0.2207
arcus:SOL-USD,2026-W36,2-5 bps,1359,0.4224
arcus:SOL-USD,2026-W36,5-10 bps,105,-1.4323
arcus:SOL-USD,2026-W36,10+ bps,20,8.7734
arcus:SOL-USD,2026-W37,touch,95862,-2.031
arcus:SOL-USD,2026-W37,0-2 bps,36388,-0.6371
arcus:SOL-USD,2026-W37,2-5 bps,5834,0.2278
arcus:SOL-USD,2026-W37,5-10 bps,349,0.5561
arcus:SOL-USD,2026-W37,10+ bps,22,16.4219
arcus:SOL-USD,2026-W38,touch,137313,-1.344
arcus:SOL-USD,2026-W38,0-2 bps,84320,-0.0351
arcus:SOL-USD,2026-W38,2-5 bps,9593,0.2717
arcus:SOL-USD,2026-W38,5-10 bps,493,-3.1461
arcus:SOL-USD,2026-W38,10+ bps,10,4.2074
arcus:SOL-USD,2026-W39,touch,22464,-0.6055
arcus:SOL-USD,2026-W39,0-2 bps,3458,0.8846
arcus:SOL-USD,2026-W39,2-5 bps,416,4.1812
arcus:SOL-USD,2026-W39,5-10 bps,55,13.2163
arcus:SOL-USD,POOLED,touch,506273,-1.2325
arcus:SOL-USD,POOLED,0-2 bps,175454,0.4608
arcus:SOL-USD,POOLED,2-5 bps,19762,2.6145
arcus:SOL-USD,POOLED,5-10 bps,1377,-0.1125
arcus:SOL-USD,POOLED,10+ bps,332,40.2214
arcus:SPCX-USD,2026-W27,touch,788,44.8994
arcus:SPCX-USD,2026-W27,10+ bps,13,67.1487
arcus:SPCX-USD,2026-W32,touch,687,39.5471
arcus:SPCX-USD,2026-W32,2-5 bps,11,17.6554
arcus:SPCX-USD,2026-W32,5-10 bps,17,21.3929
arcus:SPCX-USD,2026-W32,10+ bps,15,64.7328
arcus:SPCX-USD,2026-W33,touch,715,12.1113
arcus:SPCX-USD,2026-W33,0-2 bps,21,10.2723
arcus:SPCX-USD,2026-W33,2-5 bps,20,-0.2586
arcus:SPCX-USD,2026-W34,touch,551,7.9865
arcus:SPCX-USD,2026-W34,0-2 bps,16,11.5825
arcus:SPCX-USD,2026-W34,2-5 bps,20,17.9738
arcus:SPCX-USD,2026-W35,touch,775,4.916
arcus:SPCX-USD,2026-W35,2-5 bps,18,17.4339
arcus:SPCX-USD,2026-W36,touch,2991,1.704
arcus:SPCX-USD,2026-W36,0-2 bps,20,1.9477
arcus:SPCX-USD,2026-W36,2-5 bps,16,6.9196
arcus:SPCX-USD,2026-W37,touch,6447,0.2547
arcus:SPCX-USD,2026-W37,0-2 bps,50,5.3966
arcus:SPCX-USD,2026-W38,touch,3501,-2.8706
arcus:SPCX-USD,2026-W38,0-2 bps,63,-4.7839
arcus:SPCX-USD,2026-W38,2-5 bps,24,-1.8056
arcus:SPCX-USD,2026-W39,touch,220,-8.5357
arcus:SPCX-USD,POOLED,touch,16675,5.5736
arcus:SPCX-USD,POOLED,0-2 bps,189,9.2172
arcus:SPCX-USD,POOLED,2-5 bps,117,7.2975
arcus:SPCX-USD,POOLED,5-10 bps,53,11.6703
arcus:SPCX-USD,POOLED,10+ bps,42,25.6257
arcus:SPY-USD,2026-W27,touch,1090,17.4959
arcus:SPY-USD,2026-W27,10+ bps,12,43.0924
arcus:SPY-USD,2026-W30,touch,256,12.7315
arcus:SPY-USD,2026-W30,0-2 bps,64,11.583
arcus:SPY-USD,2026-W30,2-5 bps,20,14.0488
arcus:SPY-USD,2026-W31,touch,682,5.2793
arcus:SPY-USD,2026-W31,0-2 bps,199,6.6628
arcus:SPY-USD,2026-W31,2-5 bps,79,14.3905
arcus:SPY-USD,2026-W31,5-10 bps,28,8.4394
arcus:SPY-USD,2026-W31,10+ bps,13,9.2462
arcus:SPY-USD,2026-W32,touch,1493,2.9414
arcus:SPY-USD,2026-W32,0-2 bps,443,4.5376
arcus:SPY-USD,2026-W32,2-5 bps,105,4.8002
arcus:SPY-USD,2026-W32,5-10 bps,63,5.9605
arcus:SPY-USD,2026-W33,touch,2224,2.2318
arcus:SPY-USD,2026-W33,0-2 bps,715,2.4049
arcus:SPY-USD,2026-W33,2-5 bps,271,2.5859
arcus:SPY-USD,2026-W33,5-10 bps,108,3.5595
arcus:SPY-USD,2026-W34,touch,3628,0.5398
arcus:SPY-USD,2026-W34,0-2 bps,726,2.2007
arcus:SPY-USD,2026-W34,2-5 bps,427,2.9732
arcus:SPY-USD,2026-W34,5-10 bps,288,6.875
arcus:SPY-USD,2026-W34,10+ bps,34,7.8866
arcus:SPY-USD,2026-W35,touch,4933,1.6021
arcus:SPY-USD,2026-W35,0-2 bps,1837,2.0584
arcus:SPY-USD,2026-W35,2-5 bps,301,3.0791
arcus:SPY-USD,2026-W35,5-10 bps,68,4.0115
arcus:SPY-USD,2026-W35,10+ bps,10,6.8991
arcus:SPY-USD,2026-W36,touch,12151,0.7084
arcus:SPY-USD,2026-W36,0-2 bps,6501,1.5096
arcus:SPY-USD,2026-W36,2-5 bps,1521,1.8844
arcus:SPY-USD,2026-W36,5-10 bps,135,4.0863
arcus:SPY-USD,2026-W36,10+ bps,44,40.8668
arcus:SPY-USD,2026-W37,touch,18187,0.0618
arcus:SPY-USD,2026-W37,0-2 bps,11126,0.5106
arcus:SPY-USD,2026-W37,2-5 bps,2099,1.2105
arcus:SPY-USD,2026-W37,5-10 bps,233,2.2736
arcus:SPY-USD,2026-W37,10+ bps,43,4.0096
arcus:SPY-USD,2026-W38,touch,17475,0.1111
arcus:SPY-USD,2026-W38,0-2 bps,9617,0.3607
arcus:SPY-USD,2026-W38,2-5 bps,2412,1.2092
arcus:SPY-USD,2026-W38,5-10 bps,268,4.1366
arcus:SPY-USD,2026-W38,10+ bps,83,2.1039
arcus:SPY-USD,2026-W39,touch,1784,0.4573
arcus:SPY-USD,2026-W39,0-2 bps,952,0.6405
arcus:SPY-USD,2026-W39,2-5 bps,299,2.0255
arcus:SPY-USD,2026-W39,5-10 bps,23,4.1956
arcus:SPY-USD,POOLED,touch,63903,1.5562
arcus:SPY-USD,POOLED,0-2 bps,32185,2.0117
arcus:SPY-USD,POOLED,2-5 bps,7537,2.5113
arcus:SPY-USD,POOLED,5-10 bps,1223,5.1126
arcus:SPY-USD,POOLED,10+ bps,260,8.2097
arcus:TSLA-USD,2026-W27,touch,909,65.7114
arcus:TSLA-USD,2026-W27,10+ bps,18,47.405
arcus:TSLA-USD,2026-W30,touch,873,3.3002
arcus:TSLA-USD,2026-W30,0-2 bps,30,6.6635
arcus:TSLA-USD,2026-W30,2-5 bps,16,6.0739
arcus:TSLA-USD,2026-W32,touch,1068,12.6157
arcus:TSLA-USD,2026-W32,0-2 bps,12,9.7289
arcus:TSLA-USD,2026-W32,2-5 bps,14,2.6931
arcus:TSLA-USD,2026-W33,touch,294,6.1376
arcus:TSLA-USD,2026-W33,0-2 bps,16,12.1608
arcus:TSLA-USD,2026-W35,touch,353,7.302
arcus:TSLA-USD,2026-W35,0-2 bps,56,5.2109
arcus:TSLA-USD,2026-W35,2-5 bps,19,1.9286
arcus:TSLA-USD,2026-W35,5-10 bps,19,4.6876
arcus:TSLA-USD,2026-W36,touch,796,6.8742
arcus:TSLA-USD,2026-W36,0-2 bps,61,17.5517
arcus:TSLA-USD,2026-W36,2-5 bps,20,14.558
arcus:TSLA-USD,2026-W37,touch,554,4.8225
arcus:TSLA-USD,2026-W37,0-2 bps,52,9.8345
arcus:TSLA-USD,2026-W37,2-5 bps,13,16.5872
arcus:TSLA-USD,2026-W38,touch,473,3.8298
arcus:TSLA-USD,2026-W38,0-2 bps,24,1.9532
arcus:TSLA-USD,2026-W38,2-5 bps,11,11.1511
arcus:TSLA-USD,POOLED,touch,5320,6.2233
arcus:TSLA-USD,POOLED,0-2 bps,252,8.2527
arcus:TSLA-USD,POOLED,2-5 bps,100,10.8703
arcus:TSLA-USD,POOLED,5-10 bps,39,3.3383
arcus:TSLA-USD,POOLED,10+ bps,25,-9.3773
arcus:UNI-USD,2026-W36,touch,281,35.1025
arcus:UNI-USD,2026-W36,0-2 bps,27,60.4241
arcus:UNI-USD,2026-W36,2-5 bps,42,14.9798
arcus:UNI-USD,2026-W36,5-10 bps,29,45.7311
arcus:UNI-USD,2026-W36,10+ bps,17,24.4567
arcus:UNI-USD,2026-W37,touch,498,22.2012
arcus:UNI-USD,2026-W37,0-2 bps,50,18.6034
arcus:UNI-USD,2026-W37,2-5 bps,36,11.1154
arcus:UNI-USD,2026-W37,5-10 bps,41,32.0024
arcus:UNI-USD,2026-W37,10+ bps,41,19.1048
arcus:UNI-USD,2026-W38,touch,1099,29.3737
arcus:UNI-USD,2026-W38,0-2 bps,73,27.8394
arcus:UNI-USD,2026-W38,2-5 bps,151,31.7278
arcus:UNI-USD,2026-W38,5-10 bps,65,21.7529
arcus:UNI-USD,2026-W38,10+ bps,59,18.5028
arcus:UNI-USD,2026-W39,touch,247,28.2489
arcus:UNI-USD,2026-W39,0-2 bps,20,73.1935
arcus:UNI-USD,2026-W39,2-5 bps,37,40.9291
arcus:UNI-USD,POOLED,touch,2125,28.3305
arcus:UNI-USD,POOLED,0-2 bps,170,32.5116
arcus:UNI-USD,POOLED,2-5 bps,266,28.1378
arcus:UNI-USD,POOLED,5-10 bps,142,30.813
arcus:UNI-USD,POOLED,10+ bps,119,19.9388
arcus:XRP-USD,2026-W27,touch,2732,42.575
arcus:XRP-USD,2026-W27,5-10 bps,16,45.2964
arcus:XRP-USD,2026-W30,touch,293,8.9063
arcus:XRP-USD,2026-W30,5-10 bps,10,11.434
arcus:XRP-USD,2026-W31,touch,1047,3.3975
arcus:XRP-USD,2026-W31,0-2 bps,44,4.4024
arcus:XRP-USD,2026-W31,2-5 bps,20,6.8285
arcus:XRP-USD,2026-W31,5-10 bps,25,-0.462
arcus:XRP-USD,2026-W31,10+ bps,28,4.41
arcus:XRP-USD,2026-W32,touch,994,5.2783
arcus:XRP-USD,2026-W32,0-2 bps,82,2.9742
arcus:XRP-USD,2026-W32,2-5 bps,27,3.7338
arcus:XRP-USD,2026-W32,5-10 bps,12,7.6937
arcus:XRP-USD,2026-W32,10+ bps,22,20.8867
arcus:XRP-USD,2026-W33,touch,851,4.1581
arcus:XRP-USD,2026-W33,0-2 bps,93,5.6344
arcus:XRP-USD,2026-W33,2-5 bps,41,11.9452
arcus:XRP-USD,2026-W33,5-10 bps,16,5.9631
arcus:XRP-USD,2026-W34,touch,7880,-3.6008
arcus:XRP-USD,2026-W34,0-2 bps,294,5.7198
arcus:XRP-USD,2026-W34,2-5 bps,197,6.3046
arcus:XRP-USD,2026-W34,5-10 bps,52,2.8812
arcus:XRP-USD,2026-W34,10+ bps,21,29.5824
arcus:XRP-USD,2026-W35,touch,7490,0.552
arcus:XRP-USD,2026-W35,0-2 bps,432,2.0431
arcus:XRP-USD,2026-W35,2-5 bps,304,8.4387
arcus:XRP-USD,2026-W35,5-10 bps,61,6.5502
arcus:XRP-USD,2026-W36,touch,7465,-0.3657
arcus:XRP-USD,2026-W36,0-2 bps,686,2.6518
arcus:XRP-USD,2026-W36,2-5 bps,600,4.5518
arcus:XRP-USD,2026-W36,5-10 bps,98,6.67
arcus:XRP-USD,2026-W36,10+ bps,19,15.3006
arcus:XRP-USD,2026-W37,touch,4526,0.3135
arcus:XRP-USD,2026-W37,0-2 bps,347,3.4183
arcus:XRP-USD,2026-W37,2-5 bps,262,3.771
arcus:XRP-USD,2026-W37,5-10 bps,24,6.8783
arcus:XRP-USD,2026-W38,touch,7828,-0.4931
arcus:XRP-USD,2026-W38,0-2 bps,416,3.4737
arcus:XRP-USD,2026-W38,2-5 bps,228,8.107
arcus:XRP-USD,2026-W38,5-10 bps,33,-1.7043
arcus:XRP-USD,2026-W38,10+ bps,14,6.4573
arcus:XRP-USD,2026-W39,touch,899,2.8272
arcus:XRP-USD,2026-W39,0-2 bps,80,1.2989
arcus:XRP-USD,2026-W39,2-5 bps,36,0.7874
arcus:XRP-USD,POOLED,touch,42005,-0.0529
arcus:XRP-USD,POOLED,0-2 bps,2484,3.7574
arcus:XRP-USD,POOLED,2-5 bps,1725,6.4642
arcus:XRP-USD,POOLED,5-10 bps,349,3.356
arcus:XRP-USD,POOLED,10+ bps,137,11.7435
arcus:ZEC-USD,2026-W27,touch,3490,42.3774
arcus:ZEC-USD,2026-W32,touch,331,17.0913
arcus:ZEC-USD,2026-W33,touch,562,35.4333
arcus:ZEC-USD,2026-W33,0-2 bps,24,33.1753
arcus:ZEC-USD,2026-W33,2-5 bps,17,24.9185
arcus:ZEC-USD,2026-W33,5-10 bps,15,20.7982
arcus:ZEC-USD,2026-W34,touch,3820,23.2342
arcus:ZEC-USD,2026-W34,0-2 bps,230,20.9302
arcus:ZEC-USD,2026-W34,2-5 bps,80,17.9317
arcus:ZEC-USD,2026-W34,5-10 bps,54,19.9999
arcus:ZEC-USD,2026-W34,10+ bps,101,31.0964
arcus:ZEC-USD,2026-W35,touch,4692,15.3517
arcus:ZEC-USD,2026-W35,0-2 bps,203,7.3391
arcus:ZEC-USD,2026-W35,2-5 bps,127,24.8397
arcus:ZEC-USD,2026-W35,5-10 bps,168,17.2992
arcus:ZEC-USD,2026-W35,10+ bps,159,11.2237
arcus:ZEC-USD,2026-W36,touch,13600,6.2909
arcus:ZEC-USD,2026-W36,0-2 bps,1370,9.5148
arcus:ZEC-USD,2026-W36,2-5 bps,1142,12.4689
arcus:ZEC-USD,2026-W36,5-10 bps,670,12.748
arcus:ZEC-USD,2026-W36,10+ bps,510,23.2043
arcus:ZEC-USD,2026-W37,touch,15785,4.4348
arcus:ZEC-USD,2026-W37,0-2 bps,1260,7.48
arcus:ZEC-USD,2026-W37,2-5 bps,4862,4.6147
arcus:ZEC-USD,2026-W37,5-10 bps,1657,5.2869
arcus:ZEC-USD,2026-W37,10+ bps,782,11.5198
arcus:ZEC-USD,2026-W38,touch,41527,1.0507
arcus:ZEC-USD,2026-W38,0-2 bps,3691,2.3285
arcus:ZEC-USD,2026-W38,2-5 bps,14032,1.2715
arcus:ZEC-USD,2026-W38,5-10 bps,927,5.6982
arcus:ZEC-USD,2026-W38,10+ bps,311,2.109
arcus:ZEC-USD,2026-W39,touch,19162,-3.1233
arcus:ZEC-USD,2026-W39,0-2 bps,4145,-4.8646
arcus:ZEC-USD,2026-W39,2-5 bps,776,-5.5235
arcus:ZEC-USD,2026-W39,5-10 bps,153,-4.5932
arcus:ZEC-USD,2026-W39,10+ bps,48,-8.0509
arcus:ZEC-USD,POOLED,touch,102969,4.3747
arcus:ZEC-USD,POOLED,0-2 bps,10937,3.9673
arcus:ZEC-USD,POOLED,2-5 bps,21044,4.2387
arcus:ZEC-USD,POOLED,5-10 bps,3651,9.1883
arcus:ZEC-USD,POOLED,10+ bps,1936,14.4014
